Flag	Value	Function	Comment
**`-d/--index`**		"Index directory created by ""lexicmap index""."	
**`-o/--out-file`**	Default: - (stdout)	"Output file; supports a "".gz"" suffix (""-"" for stdout)."	""
**`-j/--threads`**	Default: all available CPUs	Number of CPU cores to use.	The value should be >= the number of seed chunk files (“chunks” in info.toml, set by `-c/--chunks` in `lexicmap index`).
**`-a/--all`**		Output more columns, e.g., matched sequences.	"Use this if you want to output blast-style format with ""lexicmap utils 2blast"""
**`-n/--top-n-genomes`**	Default 0, 0 for all	Keep the top N genome matches for a query in the chaining phase, including all matches tied at the cutoff score	The number of retained candidates may exceed N when scores are tied. Value 1 is not recommended as the best chaining result does not always yield the best alignment, so it should be >= 5. Some retained candidates may fail to pass the criteria in the alignment step.
`-J/--max-query-conc` 	Default 8, 0 for all	Maximum number of concurrent queries	Bigger values do not improve batch search speed and consume more memory. Reduce this value when memory is limited.
`--gc-interval`	Default 64, 0 to disable	Force garbage collection every N queries.	The value can't be too small.
`--max-open-files`	Default: 1024	Maximum number of open files	It mainly affects candidate subsequence extraction. Increase this value if you have hundreds of genome batches or have multiple queries, and do not forget to set a larger `ulimit -n` in the shell if the value is > 1024.
`-w/--load-whole-seeds`		Load the whole seed data into memory for faster batch searching	Use this if the index is not big and many queries need to be searched.
`--debug`		Print debug information, including a progress bar.	Recommended when searching with one query.
