query	qlen	qstart	qend	sgnms	sgnm	seqid	qcovGnm	hsp	qcovHSP	alenHSP	alenFrag	pident	slen	sstart	send	sstr	seeds
NC_000913.3:4166659-4168200	1542	1	1542	12	GCF_003697165.2	NZ_CP033092.2	100.000	1	99.287	1542	1542	99.287	4903501	3780640	3782181	-	25
NC_000913.3:4166659-4168200	1542	1	1542	12	GCF_003697165.2	NZ_CP033092.2	100.000	2	99.287	1542	1542	99.287	4903501	4551515	4553056	-	25
NC_000913.3:4166659-4168200	1542	1	1542	12	GCF_003697165.2	NZ_CP033092.2	100.000	3	99.287	1542	1542	99.287	4903501	4591684	4593225	-	25
NC_000913.3:4166659-4168200	1542	1	1542	12	GCF_003697165.2	NZ_CP033092.2	100.000	4	99.287	1542	1542	99.287	4903501	458559	460100	+	25
NC_000913.3:4166659-4168200	1542	1	1542	12	GCF_003697165.2	NZ_CP033092.2	100.000	5	99.287	1542	1542	99.287	4903501	4844587	4846128	-	25
NC_000913.3:4166659-4168200	1542	1	1542	12	GCF_003697165.2	NZ_CP033092.2	100.000	6	99.287	1542	1542	99.287	4903501	1285123	1286664	+	25
NC_000913.3:4166659-4168200	1542	1	1542	12	GCF_003697165.2	NZ_CP033092.2	100.000	7	99.092	1542	1542	99.092	4903501	4726193	4727734	-	25
NC_000913.3:4166659-4168200	1542	1	1542	12	GCF_002950215.1	NZ_CP026788.1	100.000	1	99.027	1542	1542	99.027	4659463	3216505	3218046	+	19
NC_000913.3:4166659-4168200	1542	1	1542	12	GCF_002950215.1	NZ_CP026788.1	100.000	2	98.962	1542	1542	98.962	4659463	3396068	3397609	+	23
NC_000913.3:4166659-4168200	1542	1	1542	12	GCF_002950215.1	NZ_CP026788.1	100.000	3	98.962	1542	1542	98.962	4659463	3119331	3120872	+	21
NC_000913.3:4166659-4168200	1542	1	1542	12	GCF_002950215.1	NZ_CP026788.1	100.000	4	98.898	1542	1542	98.898	4659463	4223146	4224687	+	23
NC_000913.3:4166659-4168200	1542	1	1542	12	GCF_002950215.1	NZ_CP026788.1	100.000	5	98.898	1542	1542	98.898	4659463	3355632	3357173	+	22
NC_000913.3:4166659-4168200	1542	1	1542	12	GCF_002950215.1	NZ_CP026788.1	100.000	6	98.833	1542	1542	98.833	4659463	3540450	3541991	+	21
NC_000913.3:4166659-4168200	1542	1	1542	12	GCF_002950215.1	NZ_CP026788.1	100.000	7	98.768	1541	1541	98.832	4659463	2125377	2126917	-	18
NC_000913.3:4166659-4168200	1542	1	1001	12	GCF_002949675.1	NZ_CP026774.1	100.000	1	96.563	1505	1001	98.937	4395762	2810845	2811845	+	25
NC_000913.3:4166659-4168200	1542	1039	1542	12	GCF_002949675.1	NZ_CP026774.1	100.000	1	96.563	1505	504	98.937	4395762	2811883	2812386	+	25
NC_000913.3:4166659-4168200	1542	1	1001	12	GCF_002949675.1	NZ_CP026774.1	100.000	2	96.563	1505	1001	98.937	4395762	2768883	2769883	+	25
NC_000913.3:4166659-4168200	1542	1039	1542	12	GCF_002949675.1	NZ_CP026774.1	100.000	2	96.563	1505	504	98.937	4395762	2769921	2770424	+	25
NC_000913.3:4166659-4168200	1542	1	1001	12	GCF_002949675.1	NZ_CP026774.1	100.000	3	96.563	1505	1001	98.937	4395762	2636477	2637477	+	25
NC_000913.3:4166659-4168200	1542	1039	1542	12	GCF_002949675.1	NZ_CP026774.1	100.000	3	96.563	1505	504	98.937	4395762	2637515	2638018	+	25
NC_000913.3:4166659-4168200	1542	1	1001	12	GCF_002949675.1	NZ_CP026774.1	100.000	4	96.563	1505	1001	98.937	4395762	3646778	3647778	+	25
NC_000913.3:4166659-4168200	1542	1039	1542	12	GCF_002949675.1	NZ_CP026774.1	100.000	4	96.563	1505	504	98.937	4395762	3647816	3648319	+	25
NC_000913.3:4166659-4168200	1542	1	1001	12	GCF_002949675.1	NZ_CP026774.1	100.000	5	96.563	1505	1001	98.937	4395762	3061592	3062592	+	25
NC_000913.3:4166659-4168200	1542	1039	1542	12	GCF_002949675.1	NZ_CP026774.1	100.000	5	96.563	1505	504	98.937	4395762	3062630	3063133	+	25
NC_000913.3:4166659-4168200	1542	1	1001	12	GCF_002949675.1	NZ_CP026774.1	100.000	6	96.563	1505	1001	98.937	4395762	2536624	2537624	+	25
NC_000913.3:4166659-4168200	1542	1039	1542	12	GCF_002949675.1	NZ_CP026774.1	100.000	6	96.563	1505	504	98.937	4395762	2537662	2538165	+	25
NC_000913.3:4166659-4168200	1542	1	1001	12	GCF_002949675.1	NZ_CP026774.1	100.000	7	96.563	1505	1001	98.937	4395762	1662551	1663551	-	25
NC_000913.3:4166659-4168200	1542	1039	1542	12	GCF_002949675.1	NZ_CP026774.1	100.000	7	96.563	1505	504	98.937	4395762	1662010	1662513	-	25
NC_000913.3:4166659-4168200	1542	1039	1542	12	GCF_000006945.2	NC_003197.2	100.000	1	92.023	1458	504	97.325	4857450	290218	290721	+	12
NC_000913.3:4166659-4168200	1542	1	454	12	GCF_000006945.2	NC_003197.2	100.000	1	92.023	1458	454	97.325	4857450	289180	289633	+	12
NC_000913.3:4166659-4168200	1542	661	1001	12	GCF_000006945.2	NC_003197.2	100.000	1	92.023	1458	341	97.325	4857450	289840	290180	+	12
NC_000913.3:4166659-4168200	1542	478	636	12	GCF_000006945.2	NC_003197.2	100.000	1	92.023	1458	159	97.325	4857450	289657	289815	+	12
NC_000913.3:4166659-4168200	1542	1039	1542	12	GCF_000006945.2	NC_003197.2	100.000	2	91.764	1458	504	97.051	4857450	2800122	2800625	-	11
NC_000913.3:4166659-4168200	1542	1	454	12	GCF_000006945.2	NC_003197.2	100.000	2	91.764	1458	454	97.051	4857450	2801210	2801663	-	11
NC_000913.3:4166659-4168200	1542	661	1001	12	GCF_000006945.2	NC_003197.2	100.000	2	91.764	1458	341	97.051	4857450	2800663	2801003	-	11
NC_000913.3:4166659-4168200	1542	478	636	12	GCF_000006945.2	NC_003197.2	100.000	2	91.764	1458	159	97.051	4857450	2801028	2801186	-	11
NC_000913.3:4166659-4168200	1542	1039	1542	12	GCF_000006945.2	NC_003197.2	100.000	3	91.505	1458	504	96.776	4857450	4197110	4197613	+	11
NC_000913.3:4166659-4168200	1542	1	454	12	GCF_000006945.2	NC_003197.2	100.000	3	91.505	1458	454	96.776	4857450	4196072	4196525	+	11
NC_000913.3:4166659-4168200	1542	661	1001	12	GCF_000006945.2	NC_003197.2	100.000	3	91.505	1458	341	96.776	4857450	4196732	4197072	+	11
NC_000913.3:4166659-4168200	1542	478	636	12	GCF_000006945.2	NC_003197.2	100.000	3	91.505	1458	159	96.776	4857450	4196549	4196707	+	11
NC_000913.3:4166659-4168200	1542	1039	1542	12	GCF_000006945.2	NC_003197.2	100.000	4	91.505	1458	504	96.776	4857450	4101183	4101686	+	11
NC_000913.3:4166659-4168200	1542	1	454	12	GCF_000006945.2	NC_003197.2	100.000	4	91.505	1458	454	96.776	4857450	4100145	4100598	+	11
NC_000913.3:4166659-4168200	1542	661	1001	12	GCF_000006945.2	NC_003197.2	100.000	4	91.505	1458	341	96.776	4857450	4100805	4101145	+	11
NC_000913.3:4166659-4168200	1542	478	636	12	GCF_000006945.2	NC_003197.2	100.000	4	91.505	1458	159	96.776	4857450	4100622	4100780	+	11
NC_000913.3:4166659-4168200	1542	1039	1542	12	GCF_000006945.2	NC_003197.2	100.000	5	91.505	1458	504	96.776	4857450	4352181	4352684	+	11
NC_000913.3:4166659-4168200	1542	1	454	12	GCF_000006945.2	NC_003197.2	100.000	5	91.505	1458	454	96.776	4857450	4351143	4351596	+	11
NC_000913.3:4166659-4168200	1542	661	1001	12	GCF_000006945.2	NC_003197.2	100.000	5	91.505	1458	341	96.776	4857450	4351803	4352143	+	11
NC_000913.3:4166659-4168200	1542	478	636	12	GCF_000006945.2	NC_003197.2	100.000	5	91.505	1458	159	96.776	4857450	4351620	4351778	+	11
NC_000913.3:4166659-4168200	1542	1039	1542	12	GCF_000006945.2	NC_003197.2	100.000	6	91.505	1458	504	96.776	4857450	3570473	3570976	-	11
NC_000913.3:4166659-4168200	1542	1	454	12	GCF_000006945.2	NC_003197.2	100.000	6	91.505	1458	454	96.776	4857450	3571561	3572014	-	11
NC_000913.3:4166659-4168200	1542	661	1001	12	GCF_000006945.2	NC_003197.2	100.000	6	91.505	1458	341	96.776	4857450	3571014	3571354	-	11
NC_000913.3:4166659-4168200	1542	478	636	12	GCF_000006945.2	NC_003197.2	100.000	6	91.505	1458	159	96.776	4857450	3571379	3571537	-	11
NC_000913.3:4166659-4168200	1542	1039	1519	12	GCF_000006945.2	NC_003197.2	100.000	7	90.208	1435	481	96.934	4857450	4395726	4396206	+	11
NC_000913.3:4166659-4168200	1542	1	454	12	GCF_000006945.2	NC_003197.2	100.000	7	90.208	1435	454	96.934	4857450	4394688	4395141	+	11
NC_000913.3:4166659-4168200	1542	661	1001	12	GCF_000006945.2	NC_003197.2	100.000	7	90.208	1435	341	96.934	4857450	4395348	4395688	+	11
NC_000913.3:4166659-4168200	1542	478	636	12	GCF_000006945.2	NC_003197.2	100.000	7	90.208	1435	159	96.934	4857450	4395165	4395323	+	11
NC_000913.3:4166659-4168200	1542	1039	1542	12	GCF_000742135.1	NZ_KN046818.1	100.000	1	89.948	1443	504	96.119	5284261	5048370	5048873	+	15
NC_000913.3:4166659-4168200	1542	104	636	12	GCF_000742135.1	NZ_KN046818.1	100.000	1	89.948	1443	533	96.119	5284261	5047435	5047967	+	15
NC_000913.3:4166659-4168200	1542	661	1001	12	GCF_000742135.1	NZ_KN046818.1	100.000	1	89.948	1443	341	96.119	5284261	5047992	5048332	+	15
NC_000913.3:4166659-4168200	1542	1	65	12	GCF_000742135.1	NZ_KN046818.1	100.000	1	89.948	1443	65	96.119	5284261	5047334	5047398	+	15
NC_000913.3:4166659-4168200	1542	1039	1542	12	GCF_000742135.1	NZ_KN046818.1	100.000	2	89.883	1442	504	96.117	5284261	4537888	4538391	-	15
NC_000913.3:4166659-4168200	1542	104	636	12	GCF_000742135.1	NZ_KN046818.1	100.000	2	89.883	1442	532	96.117	5284261	4538794	4539325	-	15
NC_000913.3:4166659-4168200	1542	661	1001	12	GCF_000742135.1	NZ_KN046818.1	100.000	2	89.883	1442	341	96.117	5284261	4538429	4538769	-	15
NC_000913.3:4166659-4168200	1542	1	65	12	GCF_000742135.1	NZ_KN046818.1	100.000	2	89.883	1442	65	96.117	5284261	4539362	4539426	-	15
NC_000913.3:4166659-4168200	1542	1039	1542	12	GCF_000742135.1	NZ_KN046818.1	100.000	3	89.818	1443	504	95.981	5284261	745142	745645	+	16
NC_000913.3:4166659-4168200	1542	104	636	12	GCF_000742135.1	NZ_KN046818.1	100.000	3	89.818	1443	533	95.981	5284261	744207	744739	+	16
NC_000913.3:4166659-4168200	1542	661	1001	12	GCF_000742135.1	NZ_KN046818.1	100.000	3	89.818	1443	341	95.981	5284261	744764	745104	+	16
NC_000913.3:4166659-4168200	1542	1	65	12	GCF_000742135.1	NZ_KN046818.1	100.000	3	89.818	1443	65	95.981	5284261	744106	744170	+	16
NC_000913.3:4166659-4168200	1542	1039	1542	12	GCF_000742135.1	NZ_KN046818.1	100.000	4	89.818	1442	504	96.047	5284261	5152983	5153486	+	16
NC_000913.3:4166659-4168200	1542	104	636	12	GCF_000742135.1	NZ_KN046818.1	100.000	4	89.818	1442	532	96.047	5284261	5152049	5152580	+	16
NC_000913.3:4166659-4168200	1542	661	1001	12	GCF_000742135.1	NZ_KN046818.1	100.000	4	89.818	1442	341	96.047	5284261	5152605	5152945	+	16
NC_000913.3:4166659-4168200	1542	1	65	12	GCF_000742135.1	NZ_KN046818.1	100.000	4	89.818	1442	65	96.047	5284261	5151948	5152012	+	16
NC_000913.3:4166659-4168200	1542	104	636	12	GCF_000742135.1	NZ_KN046818.1	100.000	5	89.754	1442	533	95.978	5284261	3916210	3916742	+	17
NC_000913.3:4166659-4168200	1542	1039	1542	12	GCF_000742135.1	NZ_KN046818.1	100.000	5	89.754	1442	503	95.978	5284261	3917145	3917647	+	17
NC_000913.3:4166659-4168200	1542	661	1001	12	GCF_000742135.1	NZ_KN046818.1	100.000	5	89.754	1442	341	95.978	5284261	3916767	3917107	+	17
NC_000913.3:4166659-4168200	1542	1	65	12	GCF_000742135.1	NZ_KN046818.1	100.000	5	89.754	1442	65	95.978	5284261	3916109	3916173	+	17
NC_000913.3:4166659-4168200	1542	104	359	12	GCF_000742135.1	NZ_KN046818.1	100.000	6	20.039	320	255	96.562	5284261	1	255	-	5
NC_000913.3:4166659-4168200	1542	1	65	12	GCF_000742135.1	NZ_KN046818.1	100.000	6	20.039	320	65	96.562	5284261	292	356	-	5
NC_000913.3:4166659-4168200	1542	104	181	12	GCF_000742135.1	NZ_KN046818.1	100.000	7	9.274	143	78	100.000	5284261	5243915	5243992	-	1
NC_000913.3:4166659-4168200	1542	1	65	12	GCF_000742135.1	NZ_KN046818.1	100.000	7	9.274	143	65	100.000	5284261	5244029	5244093	-	1
NC_000913.3:4166659-4168200	1542	875	1244	12	GCF_900638025.1	NZ_LR134481.1	100.000	1	63.813	1168	370	84.247	2062405	1443370	1443739	+	28
NC_000913.3:4166659-4168200	1542	1299	1542	12	GCF_900638025.1	NZ_LR134481.1	100.000	1	63.813	1168	244	84.247	2062405	1443794	1444037	+	28
NC_000913.3:4166659-4168200	1542	492	588	12	GCF_900638025.1	NZ_LR134481.1	100.000	1	63.813	1168	97	84.247	2062405	1442989	1443085	+	28
NC_000913.3:4166659-4168200	1542	668	825	12	GCF_900638025.1	NZ_LR134481.1	100.000	1	63.813	1168	158	84.247	2062405	1443165	1443322	+	28
NC_000913.3:4166659-4168200	1542	2	215	12	GCF_900638025.1	NZ_LR134481.1	100.000	1	63.813	1168	214	84.247	2062405	1442499	1442712	+	28
NC_000913.3:4166659-4168200	1542	286	370	12	GCF_900638025.1	NZ_LR134481.1	100.000	1	63.813	1168	85	84.247	2062405	1442783	1442867	+	28
NC_000913.3:4166659-4168200	1542	875	1244	12	GCF_900638025.1	NZ_LR134481.1	100.000	2	63.813	1168	370	84.247	2062405	1310048	1310417	+	28
NC_000913.3:4166659-4168200	1542	1299	1542	12	GCF_900638025.1	NZ_LR134481.1	100.000	2	63.813	1168	244	84.247	2062405	1310472	1310715	+	28
NC_000913.3:4166659-4168200	1542	492	588	12	GCF_900638025.1	NZ_LR134481.1	100.000	2	63.813	1168	97	84.247	2062405	1309667	1309763	+	28
NC_000913.3:4166659-4168200	1542	668	825	12	GCF_900638025.1	NZ_LR134481.1	100.000	2	63.813	1168	158	84.247	2062405	1309843	1310000	+	28
NC_000913.3:4166659-4168200	1542	2	215	12	GCF_900638025.1	NZ_LR134481.1	100.000	2	63.813	1168	214	84.247	2062405	1309177	1309390	+	28
NC_000913.3:4166659-4168200	1542	286	370	12	GCF_900638025.1	NZ_LR134481.1	100.000	2	63.813	1168	85	84.247	2062405	1309461	1309545	+	28
NC_000913.3:4166659-4168200	1542	875	1244	12	GCF_900638025.1	NZ_LR134481.1	100.000	3	63.813	1168	370	84.247	2062405	787834	788203	+	28
NC_000913.3:4166659-4168200	1542	1299	1542	12	GCF_900638025.1	NZ_LR134481.1	100.000	3	63.813	1168	244	84.247	2062405	788258	788501	+	28
NC_000913.3:4166659-4168200	1542	492	588	12	GCF_900638025.1	NZ_LR134481.1	100.000	3	63.813	1168	97	84.247	2062405	787453	787549	+	28
NC_000913.3:4166659-4168200	1542	668	825	12	GCF_900638025.1	NZ_LR134481.1	100.000	3	63.813	1168	158	84.247	2062405	787629	787786	+	28
NC_000913.3:4166659-4168200	1542	2	215	12	GCF_900638025.1	NZ_LR134481.1	100.000	3	63.813	1168	214	84.247	2062405	786963	787176	+	28
NC_000913.3:4166659-4168200	1542	286	370	12	GCF_900638025.1	NZ_LR134481.1	100.000	3	63.813	1168	85	84.247	2062405	787247	787331	+	28
NC_000913.3:4166659-4168200	1542	875	1244	12	GCF_900638025.1	NZ_LR134481.1	100.000	4	63.813	1168	370	84.247	2062405	610530	610899	+	28
NC_000913.3:4166659-4168200	1542	1299	1542	12	GCF_900638025.1	NZ_LR134481.1	100.000	4	63.813	1168	244	84.247	2062405	610954	611197	+	28
NC_000913.3:4166659-4168200	1542	492	588	12	GCF_900638025.1	NZ_LR134481.1	100.000	4	63.813	1168	97	84.247	2062405	610149	610245	+	28
NC_000913.3:4166659-4168200	1542	668	825	12	GCF_900638025.1	NZ_LR134481.1	100.000	4	63.813	1168	158	84.247	2062405	610325	610482	+	28
NC_000913.3:4166659-4168200	1542	2	215	12	GCF_900638025.1	NZ_LR134481.1	100.000	4	63.813	1168	214	84.247	2062405	609659	609872	+	28
NC_000913.3:4166659-4168200	1542	286	370	12	GCF_900638025.1	NZ_LR134481.1	100.000	4	63.813	1168	85	84.247	2062405	609943	610027	+	28
NC_000913.3:4166659-4168200	1542	875	1244	12	GCF_900638025.1	NZ_LR134481.1	100.000	5	63.813	1168	370	84.247	2062405	2003693	2004062	-	28
NC_000913.3:4166659-4168200	1542	1299	1542	12	GCF_900638025.1	NZ_LR134481.1	100.000	5	63.813	1168	244	84.247	2062405	2003395	2003638	-	28
NC_000913.3:4166659-4168200	1542	492	588	12	GCF_900638025.1	NZ_LR134481.1	100.000	5	63.813	1168	97	84.247	2062405	2004347	2004443	-	28
NC_000913.3:4166659-4168200	1542	668	825	12	GCF_900638025.1	NZ_LR134481.1	100.000	5	63.813	1168	158	84.247	2062405	2004110	2004267	-	28
NC_000913.3:4166659-4168200	1542	2	215	12	GCF_900638025.1	NZ_LR134481.1	100.000	5	63.813	1168	214	84.247	2062405	2004720	2004933	-	28
NC_000913.3:4166659-4168200	1542	286	370	12	GCF_900638025.1	NZ_LR134481.1	100.000	5	63.813	1168	85	84.247	2062405	2004565	2004649	-	28
NC_000913.3:4166659-4168200	1542	875	1244	12	GCF_900638025.1	NZ_LR134481.1	100.000	6	63.813	1168	370	84.247	2062405	394205	394574	-	28
NC_000913.3:4166659-4168200	1542	1299	1542	12	GCF_900638025.1	NZ_LR134481.1	100.000	6	63.813	1168	244	84.247	2062405	393907	394150	-	28
NC_000913.3:4166659-4168200	1542	492	588	12	GCF_900638025.1	NZ_LR134481.1	100.000	6	63.813	1168	97	84.247	2062405	394859	394955	-	28
NC_000913.3:4166659-4168200	1542	668	825	12	GCF_900638025.1	NZ_LR134481.1	100.000	6	63.813	1168	158	84.247	2062405	394622	394779	-	28
NC_000913.3:4166659-4168200	1542	2	215	12	GCF_900638025.1	NZ_LR134481.1	100.000	6	63.813	1168	214	84.247	2062405	395232	395445	-	28
NC_000913.3:4166659-4168200	1542	286	370	12	GCF_900638025.1	NZ_LR134481.1	100.000	6	63.813	1168	85	84.247	2062405	395077	395161	-	28
NC_000913.3:4166659-4168200	1542	875	1244	12	GCF_001457655.1	NZ_LN831035.1	100.000	1	62.840	1118	370	86.673	1890645	963903	964272	+	46
NC_000913.3:4166659-4168200	1542	1299	1542	12	GCF_001457655.1	NZ_LN831035.1	100.000	1	62.840	1118	244	86.673	1890645	964327	964570	+	46
NC_000913.3:4166659-4168200	1542	286	370	12	GCF_001457655.1	NZ_LN831035.1	100.000	1	62.840	1118	85	86.673	1890645	963316	963400	+	46
NC_000913.3:4166659-4168200	1542	492	590	12	GCF_001457655.1	NZ_LN831035.1	100.000	1	62.840	1118	99	86.673	1890645	963522	963620	+	46
NC_000913.3:4166659-4168200	1542	668	810	12	GCF_001457655.1	NZ_LN831035.1	100.000	1	62.840	1118	143	86.673	1890645	963698	963840	+	46
NC_000913.3:4166659-4168200	1542	2	178	12	GCF_001457655.1	NZ_LN831035.1	100.000	1	62.840	1118	177	86.673	1890645	963032	963208	+	46
NC_000913.3:4166659-4168200	1542	875	1244	12	GCF_001457655.1	NZ_LN831035.1	100.000	2	62.127	1118	370	85.689	1890645	432664	433033	+	46
NC_000913.3:4166659-4168200	1542	1299	1542	12	GCF_001457655.1	NZ_LN831035.1	100.000	2	62.127	1118	244	85.689	1890645	433088	433331	+	46
NC_000913.3:4166659-4168200	1542	286	370	12	GCF_001457655.1	NZ_LN831035.1	100.000	2	62.127	1118	85	85.689	1890645	432077	432161	+	46
NC_000913.3:4166659-4168200	1542	492	590	12	GCF_001457655.1	NZ_LN831035.1	100.000	2	62.127	1118	99	85.689	1890645	432283	432381	+	46
NC_000913.3:4166659-4168200	1542	668	810	12	GCF_001457655.1	NZ_LN831035.1	100.000	2	62.127	1118	143	85.689	1890645	432459	432601	+	46
NC_000913.3:4166659-4168200	1542	2	178	12	GCF_001457655.1	NZ_LN831035.1	100.000	2	62.127	1118	177	85.689	1890645	431793	431969	+	46
NC_000913.3:4166659-4168200	1542	875	1244	12	GCF_001457655.1	NZ_LN831035.1	100.000	3	62.127	1118	370	85.689	1890645	847210	847579	+	46
NC_000913.3:4166659-4168200	1542	1299	1542	12	GCF_001457655.1	NZ_LN831035.1	100.000	3	62.127	1118	244	85.689	1890645	847634	847877	+	46
NC_000913.3:4166659-4168200	1542	286	370	12	GCF_001457655.1	NZ_LN831035.1	100.000	3	62.127	1118	85	85.689	1890645	846623	846707	+	46
NC_000913.3:4166659-4168200	1542	492	590	12	GCF_001457655.1	NZ_LN831035.1	100.000	3	62.127	1118	99	85.689	1890645	846829	846927	+	46
NC_000913.3:4166659-4168200	1542	668	810	12	GCF_001457655.1	NZ_LN831035.1	100.000	3	62.127	1118	143	85.689	1890645	847005	847147	+	46
NC_000913.3:4166659-4168200	1542	2	178	12	GCF_001457655.1	NZ_LN831035.1	100.000	3	62.127	1118	177	85.689	1890645	846339	846515	+	46
NC_000913.3:4166659-4168200	1542	875	1244	12	GCF_001457655.1	NZ_LN831035.1	100.000	4	62.127	1118	370	85.689	1890645	1146690	1147059	+	46
NC_000913.3:4166659-4168200	1542	1299	1542	12	GCF_001457655.1	NZ_LN831035.1	100.000	4	62.127	1118	244	85.689	1890645	1147114	1147357	+	46
NC_000913.3:4166659-4168200	1542	286	370	12	GCF_001457655.1	NZ_LN831035.1	100.000	4	62.127	1118	85	85.689	1890645	1146103	1146187	+	46
NC_000913.3:4166659-4168200	1542	492	590	12	GCF_001457655.1	NZ_LN831035.1	100.000	4	62.127	1118	99	85.689	1890645	1146309	1146407	+	46
NC_000913.3:4166659-4168200	1542	668	810	12	GCF_001457655.1	NZ_LN831035.1	100.000	4	62.127	1118	143	85.689	1890645	1146485	1146627	+	46
NC_000913.3:4166659-4168200	1542	2	178	12	GCF_001457655.1	NZ_LN831035.1	100.000	4	62.127	1118	177	85.689	1890645	1145819	1145995	+	46
NC_000913.3:4166659-4168200	1542	875	1244	12	GCF_001457655.1	NZ_LN831035.1	100.000	5	62.127	1118	370	85.689	1890645	274453	274822	-	46
NC_000913.3:4166659-4168200	1542	1299	1542	12	GCF_001457655.1	NZ_LN831035.1	100.000	5	62.127	1118	244	85.689	1890645	274155	274398	-	46
NC_000913.3:4166659-4168200	1542	286	370	12	GCF_001457655.1	NZ_LN831035.1	100.000	5	62.127	1118	85	85.689	1890645	275325	275409	-	46
NC_000913.3:4166659-4168200	1542	492	590	12	GCF_001457655.1	NZ_LN831035.1	100.000	5	62.127	1118	99	85.689	1890645	275105	275203	-	46
NC_000913.3:4166659-4168200	1542	668	810	12	GCF_001457655.1	NZ_LN831035.1	100.000	5	62.127	1118	143	85.689	1890645	274885	275027	-	46
NC_000913.3:4166659-4168200	1542	2	178	12	GCF_001457655.1	NZ_LN831035.1	100.000	5	62.127	1118	177	85.689	1890645	275517	275693	-	46
NC_000913.3:4166659-4168200	1542	875	1244	12	GCF_001457655.1	NZ_LN831035.1	100.000	6	62.127	1118	370	85.689	1890645	308018	308387	-	46
NC_000913.3:4166659-4168200	1542	1299	1542	12	GCF_001457655.1	NZ_LN831035.1	100.000	6	62.127	1118	244	85.689	1890645	307720	307963	-	46
NC_000913.3:4166659-4168200	1542	286	370	12	GCF_001457655.1	NZ_LN831035.1	100.000	6	62.127	1118	85	85.689	1890645	308890	308974	-	46
NC_000913.3:4166659-4168200	1542	492	590	12	GCF_001457655.1	NZ_LN831035.1	100.000	6	62.127	1118	99	85.689	1890645	308670	308768	-	46
NC_000913.3:4166659-4168200	1542	668	810	12	GCF_001457655.1	NZ_LN831035.1	100.000	6	62.127	1118	143	85.689	1890645	308450	308592	-	46
NC_000913.3:4166659-4168200	1542	2	178	12	GCF_001457655.1	NZ_LN831035.1	100.000	6	62.127	1118	177	85.689	1890645	309082	309258	-	46
NC_000913.3:4166659-4168200	1542	871	988	12	GCF_000017205.1	NC_009656.1	100.000	1	54.864	1010	118	83.762	6588339	807950	808067	+	8
NC_000913.3:4166659-4168200	1542	1295	1427	12	GCF_000017205.1	NC_009656.1	100.000	1	54.864	1010	133	83.762	6588339	808374	808506	+	8
NC_000913.3:4166659-4168200	1542	1473	1526	12	GCF_000017205.1	NC_009656.1	100.000	1	54.864	1010	54	83.762	6588339	808552	808605	+	8
NC_000913.3:4166659-4168200	1542	1044	1242	12	GCF_000017205.1	NC_009656.1	100.000	1	54.864	1010	199	83.762	6588339	808123	808321	+	8
NC_000913.3:4166659-4168200	1542	683	827	12	GCF_000017205.1	NC_009656.1	100.000	1	54.864	1010	145	83.762	6588339	807762	807906	+	8
NC_000913.3:4166659-4168200	1542	5	65	12	GCF_000017205.1	NC_009656.1	100.000	1	54.864	1010	61	83.762	6588339	807090	807150	+	8
NC_000913.3:4166659-4168200	1542	241	369	12	GCF_000017205.1	NC_009656.1	100.000	1	54.864	1010	129	83.762	6588339	807320	807448	+	8
NC_000913.3:4166659-4168200	1542	445	578	12	GCF_000017205.1	NC_009656.1	100.000	1	54.864	1010	134	83.762	6588339	807524	807657	+	8
NC_000913.3:4166659-4168200	1542	601	637	12	GCF_000017205.1	NC_009656.1	100.000	1	54.864	1010	37	83.762	6588339	807680	807716	+	8
NC_000913.3:4166659-4168200	1542	871	988	12	GCF_000017205.1	NC_009656.1	100.000	2	54.864	1010	118	83.762	6588339	5570414	5570531	-	8
NC_000913.3:4166659-4168200	1542	1295	1427	12	GCF_000017205.1	NC_009656.1	100.000	2	54.864	1010	133	83.762	6588339	5569975	5570107	-	8
NC_000913.3:4166659-4168200	1542	1473	1526	12	GCF_000017205.1	NC_009656.1	100.000	2	54.864	1010	54	83.762	6588339	5569876	5569929	-	8
NC_000913.3:4166659-4168200	1542	1044	1242	12	GCF_000017205.1	NC_009656.1	100.000	2	54.864	1010	199	83.762	6588339	5570160	5570358	-	8
NC_000913.3:4166659-4168200	1542	683	827	12	GCF_000017205.1	NC_009656.1	100.000	2	54.864	1010	145	83.762	6588339	5570575	5570719	-	8
NC_000913.3:4166659-4168200	1542	5	65	12	GCF_000017205.1	NC_009656.1	100.000	2	54.864	1010	61	83.762	6588339	5571331	5571391	-	8
NC_000913.3:4166659-4168200	1542	241	369	12	GCF_000017205.1	NC_009656.1	100.000	2	54.864	1010	129	83.762	6588339	5571033	5571161	-	8
NC_000913.3:4166659-4168200	1542	445	578	12	GCF_000017205.1	NC_009656.1	100.000	2	54.864	1010	134	83.762	6588339	5570824	5570957	-	8
NC_000913.3:4166659-4168200	1542	601	637	12	GCF_000017205.1	NC_009656.1	100.000	2	54.864	1010	37	83.762	6588339	5570765	5570801	-	8
NC_000913.3:4166659-4168200	1542	871	988	12	GCF_000017205.1	NC_009656.1	100.000	3	54.864	1010	118	83.762	6588339	4987098	4987215	-	8
NC_000913.3:4166659-4168200	1542	1295	1427	12	GCF_000017205.1	NC_009656.1	100.000	3	54.864	1010	133	83.762	6588339	4986659	4986791	-	8
NC_000913.3:4166659-4168200	1542	1473	1526	12	GCF_000017205.1	NC_009656.1	100.000	3	54.864	1010	54	83.762	6588339	4986560	4986613	-	8
NC_000913.3:4166659-4168200	1542	1044	1242	12	GCF_000017205.1	NC_009656.1	100.000	3	54.864	1010	199	83.762	6588339	4986844	4987042	-	8
NC_000913.3:4166659-4168200	1542	683	827	12	GCF_000017205.1	NC_009656.1	100.000	3	54.864	1010	145	83.762	6588339	4987259	4987403	-	8
NC_000913.3:4166659-4168200	1542	5	65	12	GCF_000017205.1	NC_009656.1	100.000	3	54.864	1010	61	83.762	6588339	4988015	4988075	-	8
NC_000913.3:4166659-4168200	1542	241	369	12	GCF_000017205.1	NC_009656.1	100.000	3	54.864	1010	129	83.762	6588339	4987717	4987845	-	8
NC_000913.3:4166659-4168200	1542	445	578	12	GCF_000017205.1	NC_009656.1	100.000	3	54.864	1010	134	83.762	6588339	4987508	4987641	-	8
NC_000913.3:4166659-4168200	1542	601	637	12	GCF_000017205.1	NC_009656.1	100.000	3	54.864	1010	37	83.762	6588339	4987449	4987485	-	8
NC_000913.3:4166659-4168200	1542	871	988	12	GCF_000017205.1	NC_009656.1	100.000	4	54.799	1010	118	83.663	6588339	6357650	6357767	-	8
NC_000913.3:4166659-4168200	1542	1295	1427	12	GCF_000017205.1	NC_009656.1	100.000	4	54.799	1010	133	83.663	6588339	6357211	6357343	-	8
NC_000913.3:4166659-4168200	1542	1473	1526	12	GCF_000017205.1	NC_009656.1	100.000	4	54.799	1010	54	83.663	6588339	6357112	6357165	-	8
NC_000913.3:4166659-4168200	1542	1044	1242	12	GCF_000017205.1	NC_009656.1	100.000	4	54.799	1010	199	83.663	6588339	6357396	6357594	-	8
NC_000913.3:4166659-4168200	1542	5	65	12	GCF_000017205.1	NC_009656.1	100.000	4	54.799	1010	61	83.663	6588339	6358567	6358627	-	8
NC_000913.3:4166659-4168200	1542	241	369	12	GCF_000017205.1	NC_009656.1	100.000	4	54.799	1010	129	83.663	6588339	6358269	6358397	-	8
NC_000913.3:4166659-4168200	1542	683	827	12	GCF_000017205.1	NC_009656.1	100.000	4	54.799	1010	145	83.663	6588339	6357811	6357955	-	8
NC_000913.3:4166659-4168200	1542	445	578	12	GCF_000017205.1	NC_009656.1	100.000	4	54.799	1010	134	83.663	6588339	6358060	6358193	-	8
NC_000913.3:4166659-4168200	1542	601	637	12	GCF_000017205.1	NC_009656.1	100.000	4	54.799	1010	37	83.663	6588339	6358001	6358037	-	8
NC_000913.3:4166659-4168200	1542	877	988	12	GCF_009759685.1	NZ_CP046654.1	100.000	1	49.287	894	112	85.011	3980848	1354691	1354802	+	16
NC_000913.3:4166659-4168200	1542	1295	1420	12	GCF_009759685.1	NZ_CP046654.1	100.000	1	49.287	894	126	85.011	3980848	1355109	1355234	+	16
NC_000913.3:4166659-4168200	1542	1480	1526	12	GCF_009759685.1	NZ_CP046654.1	100.000	1	49.287	894	47	85.011	3980848	1355294	1355340	+	16
NC_000913.3:4166659-4168200	1542	1044	1116	12	GCF_009759685.1	NZ_CP046654.1	100.000	1	49.287	894	73	85.011	3980848	1354858	1354930	+	16
NC_000913.3:4166659-4168200	1542	1157	1242	12	GCF_009759685.1	NZ_CP046654.1	100.000	1	49.287	894	86	85.011	3980848	1354971	1355056	+	16
NC_000913.3:4166659-4168200	1542	670	721	12	GCF_009759685.1	NZ_CP046654.1	100.000	1	49.287	894	52	85.011	3980848	1354484	1354535	+	16
NC_000913.3:4166659-4168200	1542	772	823	12	GCF_009759685.1	NZ_CP046654.1	100.000	1	49.287	894	52	85.011	3980848	1354586	1354637	+	16
NC_000913.3:4166659-4168200	1542	5	65	12	GCF_009759685.1	NZ_CP046654.1	100.000	1	49.287	894	61	85.011	3980848	1353824	1353884	+	16
NC_000913.3:4166659-4168200	1542	241	369	12	GCF_009759685.1	NZ_CP046654.1	100.000	1	49.287	894	129	85.011	3980848	1354054	1354182	+	16
NC_000913.3:4166659-4168200	1542	461	615	12	GCF_009759685.1	NZ_CP046654.1	100.000	1	49.287	894	156	85.011	3980848	1354274	1354429	+	16
NC_000913.3:4166659-4168200	1542	877	988	12	GCF_009759685.1	NZ_CP046654.1	100.000	2	49.287	894	112	85.011	3980848	1565073	1565184	+	16
NC_000913.3:4166659-4168200	1542	1295	1420	12	GCF_009759685.1	NZ_CP046654.1	100.000	2	49.287	894	126	85.011	3980848	1565491	1565616	+	16
NC_000913.3:4166659-4168200	1542	1480	1526	12	GCF_009759685.1	NZ_CP046654.1	100.000	2	49.287	894	47	85.011	3980848	1565676	1565722	+	16
NC_000913.3:4166659-4168200	1542	1044	1116	12	GCF_009759685.1	NZ_CP046654.1	100.000	2	49.287	894	73	85.011	3980848	1565240	1565312	+	16
NC_000913.3:4166659-4168200	1542	1157	1242	12	GCF_009759685.1	NZ_CP046654.1	100.000	2	49.287	894	86	85.011	3980848	1565353	1565438	+	16
NC_000913.3:4166659-4168200	1542	670	721	12	GCF_009759685.1	NZ_CP046654.1	100.000	2	49.287	894	52	85.011	3980848	1564866	1564917	+	16
NC_000913.3:4166659-4168200	1542	772	823	12	GCF_009759685.1	NZ_CP046654.1	100.000	2	49.287	894	52	85.011	3980848	1564968	1565019	+	16
NC_000913.3:4166659-4168200	1542	5	65	12	GCF_009759685.1	NZ_CP046654.1	100.000	2	49.287	894	61	85.011	3980848	1564206	1564266	+	16
NC_000913.3:4166659-4168200	1542	241	369	12	GCF_009759685.1	NZ_CP046654.1	100.000	2	49.287	894	129	85.011	3980848	1564436	1564564	+	16
NC_000913.3:4166659-4168200	1542	461	615	12	GCF_009759685.1	NZ_CP046654.1	100.000	2	49.287	894	156	85.011	3980848	1564656	1564811	+	16
NC_000913.3:4166659-4168200	1542	877	988	12	GCF_009759685.1	NZ_CP046654.1	100.000	3	49.287	894	112	85.011	3980848	2014807	2014918	+	16
NC_000913.3:4166659-4168200	1542	1295	1420	12	GCF_009759685.1	NZ_CP046654.1	100.000	3	49.287	894	126	85.011	3980848	2015225	2015350	+	16
NC_000913.3:4166659-4168200	1542	1480	1526	12	GCF_009759685.1	NZ_CP046654.1	100.000	3	49.287	894	47	85.011	3980848	2015410	2015456	+	16
NC_000913.3:4166659-4168200	1542	1044	1116	12	GCF_009759685.1	NZ_CP046654.1	100.000	3	49.287	894	73	85.011	3980848	2014974	2015046	+	16
NC_000913.3:4166659-4168200	1542	1157	1242	12	GCF_009759685.1	NZ_CP046654.1	100.000	3	49.287	894	86	85.011	3980848	2015087	2015172	+	16
NC_000913.3:4166659-4168200	1542	670	721	12	GCF_009759685.1	NZ_CP046654.1	100.000	3	49.287	894	52	85.011	3980848	2014600	2014651	+	16
NC_000913.3:4166659-4168200	1542	772	823	12	GCF_009759685.1	NZ_CP046654.1	100.000	3	49.287	894	52	85.011	3980848	2014702	2014753	+	16
NC_000913.3:4166659-4168200	1542	5	65	12	GCF_009759685.1	NZ_CP046654.1	100.000	3	49.287	894	61	85.011	3980848	2013940	2014000	+	16
NC_000913.3:4166659-4168200	1542	241	369	12	GCF_009759685.1	NZ_CP046654.1	100.000	3	49.287	894	129	85.011	3980848	2014170	2014298	+	16
NC_000913.3:4166659-4168200	1542	461	615	12	GCF_009759685.1	NZ_CP046654.1	100.000	3	49.287	894	156	85.011	3980848	2014390	2014545	+	16
NC_000913.3:4166659-4168200	1542	877	988	12	GCF_009759685.1	NZ_CP046654.1	100.000	4	49.157	892	112	84.978	3980848	796464	796575	-	16
NC_000913.3:4166659-4168200	1542	1295	1420	12	GCF_009759685.1	NZ_CP046654.1	100.000	4	49.157	892	126	84.978	3980848	796032	796157	-	16
NC_000913.3:4166659-4168200	1542	1480	1526	12	GCF_009759685.1	NZ_CP046654.1	100.000	4	49.157	892	47	84.978	3980848	795926	795972	-	16
NC_000913.3:4166659-4168200	1542	1044	1116	12	GCF_009759685.1	NZ_CP046654.1	100.000	4	49.157	892	73	84.978	3980848	796336	796408	-	16
NC_000913.3:4166659-4168200	1542	1157	1242	12	GCF_009759685.1	NZ_CP046654.1	100.000	4	49.157	892	86	84.978	3980848	796210	796295	-	16
NC_000913.3:4166659-4168200	1542	670	721	12	GCF_009759685.1	NZ_CP046654.1	100.000	4	49.157	892	52	84.978	3980848	796731	796782	-	16
NC_000913.3:4166659-4168200	1542	772	823	12	GCF_009759685.1	NZ_CP046654.1	100.000	4	49.157	892	52	84.978	3980848	796629	796680	-	16
NC_000913.3:4166659-4168200	1542	7	65	12	GCF_009759685.1	NZ_CP046654.1	100.000	4	49.157	892	59	84.978	3980848	797382	797440	-	16
NC_000913.3:4166659-4168200	1542	241	369	12	GCF_009759685.1	NZ_CP046654.1	100.000	4	49.157	892	129	84.978	3980848	797084	797212	-	16
NC_000913.3:4166659-4168200	1542	461	615	12	GCF_009759685.1	NZ_CP046654.1	100.000	4	49.157	892	156	84.978	3980848	796837	796992	-	16
NC_000913.3:4166659-4168200	1542	877	988	12	GCF_009759685.1	NZ_CP046654.1	100.000	5	49.157	892	112	84.978	3980848	828683	828794	-	16
NC_000913.3:4166659-4168200	1542	1295	1420	12	GCF_009759685.1	NZ_CP046654.1	100.000	5	49.157	892	126	84.978	3980848	828251	828376	-	16
NC_000913.3:4166659-4168200	1542	1480	1526	12	GCF_009759685.1	NZ_CP046654.1	100.000	5	49.157	892	47	84.978	3980848	828145	828191	-	16
NC_000913.3:4166659-4168200	1542	1044	1116	12	GCF_009759685.1	NZ_CP046654.1	100.000	5	49.157	892	73	84.978	3980848	828555	828627	-	16
NC_000913.3:4166659-4168200	1542	1157	1242	12	GCF_009759685.1	NZ_CP046654.1	100.000	5	49.157	892	86	84.978	3980848	828429	828514	-	16
NC_000913.3:4166659-4168200	1542	670	721	12	GCF_009759685.1	NZ_CP046654.1	100.000	5	49.157	892	52	84.978	3980848	828950	829001	-	16
NC_000913.3:4166659-4168200	1542	772	823	12	GCF_009759685.1	NZ_CP046654.1	100.000	5	49.157	892	52	84.978	3980848	828848	828899	-	16
NC_000913.3:4166659-4168200	1542	7	65	12	GCF_009759685.1	NZ_CP046654.1	100.000	5	49.157	892	59	84.978	3980848	829601	829659	-	16
NC_000913.3:4166659-4168200	1542	241	369	12	GCF_009759685.1	NZ_CP046654.1	100.000	5	49.157	892	129	84.978	3980848	829303	829431	-	16
NC_000913.3:4166659-4168200	1542	461	615	12	GCF_009759685.1	NZ_CP046654.1	100.000	5	49.157	892	156	84.978	3980848	829056	829211	-	16
NC_000913.3:4166659-4168200	1542	877	988	12	GCF_009759685.1	NZ_CP046654.1	100.000	6	49.157	892	112	84.978	3980848	1301790	1301901	-	16
NC_000913.3:4166659-4168200	1542	1295	1420	12	GCF_009759685.1	NZ_CP046654.1	100.000	6	49.157	892	126	84.978	3980848	1301358	1301483	-	16
NC_000913.3:4166659-4168200	1542	1480	1526	12	GCF_009759685.1	NZ_CP046654.1	100.000	6	49.157	892	47	84.978	3980848	1301252	1301298	-	16
NC_000913.3:4166659-4168200	1542	1044	1116	12	GCF_009759685.1	NZ_CP046654.1	100.000	6	49.157	892	73	84.978	3980848	1301662	1301734	-	16
NC_000913.3:4166659-4168200	1542	1157	1242	12	GCF_009759685.1	NZ_CP046654.1	100.000	6	49.157	892	86	84.978	3980848	1301536	1301621	-	16
NC_000913.3:4166659-4168200	1542	670	721	12	GCF_009759685.1	NZ_CP046654.1	100.000	6	49.157	892	52	84.978	3980848	1302057	1302108	-	16
NC_000913.3:4166659-4168200	1542	772	823	12	GCF_009759685.1	NZ_CP046654.1	100.000	6	49.157	892	52	84.978	3980848	1301955	1302006	-	16
NC_000913.3:4166659-4168200	1542	7	65	12	GCF_009759685.1	NZ_CP046654.1	100.000	6	49.157	892	59	84.978	3980848	1302708	1302766	-	16
NC_000913.3:4166659-4168200	1542	241	369	12	GCF_009759685.1	NZ_CP046654.1	100.000	6	49.157	892	129	84.978	3980848	1302410	1302538	-	16
NC_000913.3:4166659-4168200	1542	461	615	12	GCF_009759685.1	NZ_CP046654.1	100.000	6	49.157	892	156	84.978	3980848	1302163	1302318	-	16
NC_000913.3:4166659-4168200	1542	310	358	12	GCF_001027105.1	NZ_CP011526.1	100.000	1	28.080	581	49	74.527	2755072	508690	508738	+	16
NC_000913.3:4166659-4168200	1542	683	821	12	GCF_001027105.1	NZ_CP011526.1	100.000	1	28.080	581	139	74.527	2755072	509063	509201	+	16
NC_000913.3:4166659-4168200	1542	879	999	12	GCF_001027105.1	NZ_CP011526.1	100.000	1	28.080	581	121	74.527	2755072	509260	509380	+	16
NC_000913.3:4166659-4168200	1542	1060	1117	12	GCF_001027105.1	NZ_CP011526.1	100.000	1	28.080	581	58	74.527	2755072	509443	509500	+	16
NC_000913.3:4166659-4168200	1542	1311	1413	12	GCF_001027105.1	NZ_CP011526.1	100.000	1	28.080	581	103	74.527	2755072	509693	509795	+	16
NC_000913.3:4166659-4168200	1542	8	120	12	GCF_001027105.1	NZ_CP011526.1	100.000	1	28.080	581	111	74.527	2755072	508381	508491	+	16
NC_000913.3:4166659-4168200	1542	310	358	12	GCF_001027105.1	NZ_CP011526.1	100.000	2	28.080	581	49	74.527	2755072	503355	503403	+	16
NC_000913.3:4166659-4168200	1542	683	821	12	GCF_001027105.1	NZ_CP011526.1	100.000	2	28.080	581	139	74.527	2755072	503728	503866	+	16
NC_000913.3:4166659-4168200	1542	879	999	12	GCF_001027105.1	NZ_CP011526.1	100.000	2	28.080	581	121	74.527	2755072	503925	504045	+	16
NC_000913.3:4166659-4168200	1542	1060	1117	12	GCF_001027105.1	NZ_CP011526.1	100.000	2	28.080	581	58	74.527	2755072	504108	504165	+	16
NC_000913.3:4166659-4168200	1542	1311	1413	12	GCF_001027105.1	NZ_CP011526.1	100.000	2	28.080	581	103	74.527	2755072	504358	504460	+	16
NC_000913.3:4166659-4168200	1542	8	120	12	GCF_001027105.1	NZ_CP011526.1	100.000	2	28.080	581	111	74.527	2755072	503046	503156	+	16
NC_000913.3:4166659-4168200	1542	310	358	12	GCF_001027105.1	NZ_CP011526.1	100.000	3	28.080	581	49	74.527	2755072	458796	458844	+	16
NC_000913.3:4166659-4168200	1542	683	821	12	GCF_001027105.1	NZ_CP011526.1	100.000	3	28.080	581	139	74.527	2755072	459169	459307	+	16
NC_000913.3:4166659-4168200	1542	879	999	12	GCF_001027105.1	NZ_CP011526.1	100.000	3	28.080	581	121	74.527	2755072	459366	459486	+	16
NC_000913.3:4166659-4168200	1542	1060	1117	12	GCF_001027105.1	NZ_CP011526.1	100.000	3	28.080	581	58	74.527	2755072	459549	459606	+	16
NC_000913.3:4166659-4168200	1542	1311	1413	12	GCF_001027105.1	NZ_CP011526.1	100.000	3	28.080	581	103	74.527	2755072	459799	459901	+	16
NC_000913.3:4166659-4168200	1542	8	120	12	GCF_001027105.1	NZ_CP011526.1	100.000	3	28.080	581	111	74.527	2755072	458487	458597	+	16
NC_000913.3:4166659-4168200	1542	310	358	12	GCF_001027105.1	NZ_CP011526.1	100.000	4	27.367	559	49	75.492	2755072	2060100	2060148	-	16
NC_000913.3:4166659-4168200	1542	683	821	12	GCF_001027105.1	NZ_CP011526.1	100.000	4	27.367	559	139	75.492	2755072	2059637	2059775	-	16
NC_000913.3:4166659-4168200	1542	879	999	12	GCF_001027105.1	NZ_CP011526.1	100.000	4	27.367	559	121	75.492	2755072	2059458	2059578	-	16
NC_000913.3:4166659-4168200	1542	1060	1117	12	GCF_001027105.1	NZ_CP011526.1	100.000	4	27.367	559	58	75.492	2755072	2059338	2059395	-	16
NC_000913.3:4166659-4168200	1542	1311	1413	12	GCF_001027105.1	NZ_CP011526.1	100.000	4	27.367	559	103	75.492	2755072	2059043	2059145	-	16
NC_000913.3:4166659-4168200	1542	30	120	12	GCF_001027105.1	NZ_CP011526.1	100.000	4	27.367	559	89	75.492	2755072	2060347	2060435	-	16
NC_000913.3:4166659-4168200	1542	310	358	12	GCF_001027105.1	NZ_CP011526.1	100.000	5	27.367	559	49	75.492	2755072	1924909	1924957	-	16
NC_000913.3:4166659-4168200	1542	683	821	12	GCF_001027105.1	NZ_CP011526.1	100.000	5	27.367	559	139	75.492	2755072	1924446	1924584	-	16
NC_000913.3:4166659-4168200	1542	879	999	12	GCF_001027105.1	NZ_CP011526.1	100.000	5	27.367	559	121	75.492	2755072	1924267	1924387	-	16
NC_000913.3:4166659-4168200	1542	1060	1117	12	GCF_001027105.1	NZ_CP011526.1	100.000	5	27.367	559	58	75.492	2755072	1924147	1924204	-	16
NC_000913.3:4166659-4168200	1542	1311	1413	12	GCF_001027105.1	NZ_CP011526.1	100.000	5	27.367	559	103	75.492	2755072	1923852	1923954	-	16
NC_000913.3:4166659-4168200	1542	30	120	12	GCF_001027105.1	NZ_CP011526.1	100.000	5	27.367	559	89	75.492	2755072	1925156	1925244	-	16
NC_000913.3:4166659-4168200	1542	310	358	12	GCF_001027105.1	NZ_CP011526.1	100.000	6	27.367	559	49	75.492	2755072	2178631	2178679	-	16
NC_000913.3:4166659-4168200	1542	683	821	12	GCF_001027105.1	NZ_CP011526.1	100.000	6	27.367	559	139	75.492	2755072	2178168	2178306	-	16
NC_000913.3:4166659-4168200	1542	879	999	12	GCF_001027105.1	NZ_CP011526.1	100.000	6	27.367	559	121	75.492	2755072	2177989	2178109	-	16
NC_000913.3:4166659-4168200	1542	1060	1117	12	GCF_001027105.1	NZ_CP011526.1	100.000	6	27.367	559	58	75.492	2755072	2177869	2177926	-	16
NC_000913.3:4166659-4168200	1542	1311	1413	12	GCF_001027105.1	NZ_CP011526.1	100.000	6	27.367	559	103	75.492	2755072	2177574	2177676	-	16
NC_000913.3:4166659-4168200	1542	30	120	12	GCF_001027105.1	NZ_CP011526.1	100.000	6	27.367	559	89	75.492	2755072	2178878	2178966	-	16
NC_000913.3:4166659-4168200	1542	310	358	12	GCF_006742205.1	NZ_AP019721.1	100.000	1	23.606	470	49	77.447	2422602	975325	975373	+	12
NC_000913.3:4166659-4168200	1542	683	821	12	GCF_006742205.1	NZ_AP019721.1	100.000	1	23.606	470	139	77.447	2422602	975698	975836	+	12
NC_000913.3:4166659-4168200	1542	879	999	12	GCF_006742205.1	NZ_AP019721.1	100.000	1	23.606	470	121	77.447	2422602	975895	976015	+	12
NC_000913.3:4166659-4168200	1542	1060	1117	12	GCF_006742205.1	NZ_AP019721.1	100.000	1	23.606	470	58	77.447	2422602	976078	976135	+	12
NC_000913.3:4166659-4168200	1542	1311	1413	12	GCF_006742205.1	NZ_AP019721.1	100.000	1	23.606	470	103	77.447	2422602	976328	976430	+	12
NC_000913.3:4166659-4168200	1542	310	358	12	GCF_006742205.1	NZ_AP019721.1	100.000	2	23.606	470	49	77.447	2422602	851208	851256	+	12
NC_000913.3:4166659-4168200	1542	683	821	12	GCF_006742205.1	NZ_AP019721.1	100.000	2	23.606	470	139	77.447	2422602	851581	851719	+	12
NC_000913.3:4166659-4168200	1542	879	999	12	GCF_006742205.1	NZ_AP019721.1	100.000	2	23.606	470	121	77.447	2422602	851778	851898	+	12
NC_000913.3:4166659-4168200	1542	1060	1117	12	GCF_006742205.1	NZ_AP019721.1	100.000	2	23.606	470	58	77.447	2422602	851961	852018	+	12
NC_000913.3:4166659-4168200	1542	1311	1413	12	GCF_006742205.1	NZ_AP019721.1	100.000	2	23.606	470	103	77.447	2422602	852211	852313	+	12
NC_000913.3:4166659-4168200	1542	310	358	12	GCF_006742205.1	NZ_AP019721.1	100.000	3	23.606	470	49	77.447	2422602	763447	763495	+	12
NC_000913.3:4166659-4168200	1542	683	821	12	GCF_006742205.1	NZ_AP019721.1	100.000	3	23.606	470	139	77.447	2422602	763820	763958	+	12
NC_000913.3:4166659-4168200	1542	879	999	12	GCF_006742205.1	NZ_AP019721.1	100.000	3	23.606	470	121	77.447	2422602	764017	764137	+	12
NC_000913.3:4166659-4168200	1542	1060	1117	12	GCF_006742205.1	NZ_AP019721.1	100.000	3	23.606	470	58	77.447	2422602	764200	764257	+	12
NC_000913.3:4166659-4168200	1542	1311	1413	12	GCF_006742205.1	NZ_AP019721.1	100.000	3	23.606	470	103	77.447	2422602	764450	764552	+	12
NC_000913.3:4166659-4168200	1542	310	358	12	GCF_006742205.1	NZ_AP019721.1	100.000	4	23.606	470	49	77.447	2422602	2304145	2304193	-	12
NC_000913.3:4166659-4168200	1542	683	821	12	GCF_006742205.1	NZ_AP019721.1	100.000	4	23.606	470	139	77.447	2422602	2303682	2303820	-	12
NC_000913.3:4166659-4168200	1542	879	999	12	GCF_006742205.1	NZ_AP019721.1	100.000	4	23.606	470	121	77.447	2422602	2303503	2303623	-	12
NC_000913.3:4166659-4168200	1542	1060	1117	12	GCF_006742205.1	NZ_AP019721.1	100.000	4	23.606	470	58	77.447	2422602	2303383	2303440	-	12
NC_000913.3:4166659-4168200	1542	1311	1413	12	GCF_006742205.1	NZ_AP019721.1	100.000	4	23.606	470	103	77.447	2422602	2303088	2303190	-	12
NC_000913.3:4166659-4168200	1542	310	358	12	GCF_006742205.1	NZ_AP019721.1	100.000	5	23.606	470	49	77.447	2422602	2259506	2259554	-	12
NC_000913.3:4166659-4168200	1542	683	821	12	GCF_006742205.1	NZ_AP019721.1	100.000	5	23.606	470	139	77.447	2422602	2259043	2259181	-	12
NC_000913.3:4166659-4168200	1542	879	999	12	GCF_006742205.1	NZ_AP019721.1	100.000	5	23.606	470	121	77.447	2422602	2258864	2258984	-	12
NC_000913.3:4166659-4168200	1542	1060	1117	12	GCF_006742205.1	NZ_AP019721.1	100.000	5	23.606	470	58	77.447	2422602	2258744	2258801	-	12
NC_000913.3:4166659-4168200	1542	1311	1413	12	GCF_006742205.1	NZ_AP019721.1	100.000	5	23.606	470	103	77.447	2422602	2258449	2258551	-	12
NC_000913.3:4166659-4168200	1542	310	358	12	GCF_006742205.1	NZ_AP019721.1	100.000	6	23.606	470	49	77.447	2422602	2254354	2254402	-	12
NC_000913.3:4166659-4168200	1542	683	821	12	GCF_006742205.1	NZ_AP019721.1	100.000	6	23.606	470	139	77.447	2422602	2253891	2254029	-	12
NC_000913.3:4166659-4168200	1542	879	999	12	GCF_006742205.1	NZ_AP019721.1	100.000	6	23.606	470	121	77.447	2422602	2253712	2253832	-	12
NC_000913.3:4166659-4168200	1542	1060	1117	12	GCF_006742205.1	NZ_AP019721.1	100.000	6	23.606	470	58	77.447	2422602	2253592	2253649	-	12
NC_000913.3:4166659-4168200	1542	1311	1413	12	GCF_006742205.1	NZ_AP019721.1	100.000	6	23.606	470	103	77.447	2422602	2253297	2253399	-	12
NC_000913.3:4166659-4168200	1542	683	821	12	GCF_000392875.1	NZ_KB944590.1	100.000	1	23.087	482	139	73.859	1924212	631	769	+	10
NC_000913.3:4166659-4168200	1542	879	999	12	GCF_000392875.1	NZ_KB944590.1	100.000	1	23.087	482	121	73.859	1924212	828	948	+	10
NC_000913.3:4166659-4168200	1542	1336	1413	12	GCF_000392875.1	NZ_KB944590.1	100.000	1	23.087	482	78	73.859	1924212	1284	1361	+	10
NC_000913.3:4166659-4168200	1542	1060	1118	12	GCF_000392875.1	NZ_KB944590.1	100.000	1	23.087	482	59	73.859	1924212	1009	1067	+	10
NC_000913.3:4166659-4168200	1542	100	183	12	GCF_000392875.1	NZ_KB944590.1	100.000	1	23.087	482	85	73.859	1924212	38	122	+	10
NC_000913.3:4166659-4168200	1542	683	821	12	GCF_000392875.1	NZ_KB944589.1	100.000	2	23.087	482	139	73.859	682426	678157	678295	+	10
NC_000913.3:4166659-4168200	1542	879	999	12	GCF_000392875.1	NZ_KB944589.1	100.000	2	23.087	482	121	73.859	682426	678354	678474	+	10
NC_000913.3:4166659-4168200	1542	1336	1413	12	GCF_000392875.1	NZ_KB944589.1	100.000	2	23.087	482	78	73.859	682426	678810	678887	+	10
NC_000913.3:4166659-4168200	1542	1060	1118	12	GCF_000392875.1	NZ_KB944589.1	100.000	2	23.087	482	59	73.859	682426	678535	678593	+	10
NC_000913.3:4166659-4168200	1542	100	183	12	GCF_000392875.1	NZ_KB944589.1	100.000	2	23.087	482	85	73.859	682426	677564	677648	+	10
NC_000913.3:4166659-4168200	1542	683	821	12	GCF_000392875.1	NZ_KB944589.1	100.000	3	23.087	482	139	73.859	682426	631	769	+	10
NC_000913.3:4166659-4168200	1542	879	999	12	GCF_000392875.1	NZ_KB944589.1	100.000	3	23.087	482	121	73.859	682426	828	948	+	10
NC_000913.3:4166659-4168200	1542	1336	1413	12	GCF_000392875.1	NZ_KB944589.1	100.000	3	23.087	482	78	73.859	682426	1284	1361	+	10
NC_000913.3:4166659-4168200	1542	1060	1118	12	GCF_000392875.1	NZ_KB944589.1	100.000	3	23.087	482	59	73.859	682426	1009	1067	+	10
NC_000913.3:4166659-4168200	1542	100	183	12	GCF_000392875.1	NZ_KB944589.1	100.000	3	23.087	482	85	73.859	682426	38	122	+	10
NC_000913.3:4166659-4168200	1542	683	821	12	GCF_000392875.1	NZ_KB944588.1	100.000	4	23.087	482	139	73.859	274762	269939	270077	+	10
NC_000913.3:4166659-4168200	1542	879	999	12	GCF_000392875.1	NZ_KB944588.1	100.000	4	23.087	482	121	73.859	274762	270136	270256	+	10
NC_000913.3:4166659-4168200	1542	1336	1413	12	GCF_000392875.1	NZ_KB944588.1	100.000	4	23.087	482	78	73.859	274762	270592	270669	+	10
NC_000913.3:4166659-4168200	1542	1060	1118	12	GCF_000392875.1	NZ_KB944588.1	100.000	4	23.087	482	59	73.859	274762	270317	270375	+	10
NC_000913.3:4166659-4168200	1542	100	183	12	GCF_000392875.1	NZ_KB944588.1	100.000	4	23.087	482	85	73.859	274762	269346	269430	+	10
NC_000913.3:4166659-4168200	1542	683	821	12	GCF_000392875.1	NZ_KB944590.1	100.000	5	23.087	482	139	73.859	1924212	1923444	1923582	-	10
NC_000913.3:4166659-4168200	1542	879	999	12	GCF_000392875.1	NZ_KB944590.1	100.000	5	23.087	482	121	73.859	1924212	1923265	1923385	-	10
NC_000913.3:4166659-4168200	1542	1336	1413	12	GCF_000392875.1	NZ_KB944590.1	100.000	5	23.087	482	78	73.859	1924212	1922852	1922929	-	10
NC_000913.3:4166659-4168200	1542	1060	1118	12	GCF_000392875.1	NZ_KB944590.1	100.000	5	23.087	482	59	73.859	1924212	1923146	1923204	-	10
NC_000913.3:4166659-4168200	1542	100	183	12	GCF_000392875.1	NZ_KB944590.1	100.000	5	23.087	482	85	73.859	1924212	1924091	1924175	-	10
NC_000913.3:4166659-4168200	1542	683	821	12	GCF_000392875.1	NZ_KB944590.1	100.000	6	23.087	482	139	73.859	1924212	1515488	1515626	-	10
NC_000913.3:4166659-4168200	1542	879	999	12	GCF_000392875.1	NZ_KB944590.1	100.000	6	23.087	482	121	73.859	1924212	1515309	1515429	-	10
NC_000913.3:4166659-4168200	1542	1336	1413	12	GCF_000392875.1	NZ_KB944590.1	100.000	6	23.087	482	78	73.859	1924212	1514896	1514973	-	10
NC_000913.3:4166659-4168200	1542	1060	1118	12	GCF_000392875.1	NZ_KB944590.1	100.000	6	23.087	482	59	73.859	1924212	1515190	1515248	-	10
NC_000913.3:4166659-4168200	1542	100	183	12	GCF_000392875.1	NZ_KB944590.1	100.000	6	23.087	482	85	73.859	1924212	1516135	1516219	-	10
NC_000913.3:4166659-4168200	1542	683	821	12	GCF_000392875.1	NZ_KB944588.1	100.000	7	23.087	482	139	73.859	274762	4030	4168	-	9
NC_000913.3:4166659-4168200	1542	879	999	12	GCF_000392875.1	NZ_KB944588.1	100.000	7	23.087	482	121	73.859	274762	3851	3971	-	9
NC_000913.3:4166659-4168200	1542	1336	1413	12	GCF_000392875.1	NZ_KB944588.1	100.000	7	23.087	482	78	73.859	274762	3438	3515	-	9
NC_000913.3:4166659-4168200	1542	1060	1118	12	GCF_000392875.1	NZ_KB944588.1	100.000	7	23.087	482	59	73.859	274762	3732	3790	-	9
NC_000913.3:4166659-4168200	1542	100	183	12	GCF_000392875.1	NZ_KB944588.1	100.000	7	23.087	482	85	73.859	274762	4677	4761	-	9
